3IN.L,3I Infrastructure
888.L,888 Holdings
AADV.L,ALBION DEVPT
AAIF.L,Aberdeen Asian Income Fund
AAL.L,Anglo American plc ord $0.50
AAM.L,ARTEMIS VCT
AAPV.L,ALBION PRCT VCT
AAS.L,Aberdeen Asian Small Company I T
AAT.L,AEA Technology
AATG.L,ALB TECH & GEN
AAU.L,Ariana Resources
ABAA.L,Abrdn All Asia
ABBY.L,Abbey
ABC.L,Abcam
ABD.L,Aberdeen New Dawn I T
ABF.L,Assoc Brit Foods plc
ABH.L,Angel Biotechnology Holdings
ABM.L,Albermarle & Bond Plc Ord 4p
ABNY.L,Albany Investment Trust
ABTX.L,Aqua Bounty Technologies
ACC.L,ACCESS INTELLIG GB
ACD.L,Acencia Debt Strategies Ltd
ACG.L,Accuma Group
ACL.L,Acal plc
ACMG.L,ACM Shipping Group
ACR.L,Abbeycrest plc
ACS.L,AI Claims Sol
ACU.L,AFRICAN COPPER
ACZ.L,AUTOCLENZ HOLD
ADH.L,ASIA DIGITAL HDS
ADID.L,Armor Designs
ADM.L,ADMIRAL GROUP GB
ADN.L,ABERDEEN ASSET MANAGEMENT PLC
ADS.L,ALEX DAV SEC
ADT.L,AdEPT Telecom
ADU.L,Advance UK Trust
AEC.L,AEC EDUCATION GB
AEN.L,Andes Ener
AEP.L,Anglo-Eastern Plantations plc
AERL.L,Aer Lingus Group
AEX.L,Aminex
AEY.L,ANTRIM ENERGY CA
AFC.L,AFC Energy
AFCR.L,African Consolidated Resources
AFD.L,AFRICAN DIAMONDS
AFE.L,African Eagle
AFMF.L,Advance Frontier Markets Fund
AFN.L,ADVFN
AFNR.L,AFNAT RESOURCES
AFR.L,AFREN
AFS.L,AMIAD FILTER SYS
AGA.L,AGA Foodserve Group
AGI.L,AGI Therapeutics
AGK.L,Aggreko
AGL.L,ANGLE PLC GB
AGLD.L,Allied Gold
AGOL.L,Ashmore Global Opp
AGP.L,ASIAN GRT PRP
AGQ.L,Arian Silver Crp
AGR.L,Assura Group
AGS.L,Aegis Group plc
AGY.L,ALLERGY THERAPEUT GB
AHI.L,ALLIED HLTH INT
AHT.L,Ashtead Group plc
AIE.L,Anite Group Inc Ord 10p
AIEA.L,Airea
AIF.L,Acorn Income Fd Ld Ord 25p
AIP.L,Air Partner Plc Ord 5p
AIS.L,Alternative Invest Strategies
AISI.L,Aisi Realty Public
AIT.L,Active Capital
AKG.L,ASTEK GROUP
AKR.L,AKERS BIOSCIENCE
AKT.L,ARK THERAPEUTICS GB
ALBA.L,Alba Mineral Resources
ALBK.L,Allied Irish Banks
ALG.L,Autologic Hldgs
ALK.L,ALKANE ENERGY PLC ORD 0.5P
ALM.L,Alphameric plc
ALPH.L,Alpha Pyrenees Trust
ALT.L,ALTITUDE GRP
ALU.L,Alumasc Group plc
ALY.L,Ashley (Laura) Holdings plc
AMBR.L,Amber Cap
AMC.L,Amur Minerals Corporation
AMEC.L,AMEC plc
AMEI.L,African Medical Investments
AML.L,AMLIN
AMN.L,Asset Man. I.T.
AMP.L,Amphion Innovations
AMR.L,Armour Group plc
AMS.L,Advanced Medical Solutions
AMZ.L,Amazing Holdings
AN.L,ALT NETWORKS
ANCR.L,Animalcare Group
AND.L,Andor Technology
ANGM.L,ANGEL MINING
ANR.L,ALTONA RES
ANTO.L,Antofagasta
ANTP.L,Ant
ANW.L,Aberdeen New Thai I T
AOF.L,Africa Opportunity Fund
AOR.L,Aortech Intl Plc Ord 25p
AOT.L,Anglo & Overseas
APA.L,Apace Media
APC.L,Advanced Power Components
APF.L,Anglo Pacific Resources plc
APG.L,Airsprung Furniture Group plc
APH.L,Alliance Pharm
API.L,API Group plc
APL.L,ACP CAPITAL
APNO.L,All Points North
APS.L,Alpha Strategic
APT.L,AXA Property Trust
AQP.L,AQUARIUS PLATIUM LD SHS
AQT2.L,Acuity VCT 2
AR.L,ARCHIPELAGO RES
ARBB.L,Arbuthnot Bk Gr
ARC.L,Arcontech Grp
ARDN.L,Arden Partners
ARE.L,Arena Leisure
ARI.L,Arriva Plc
ARL.L,ARCHIAL GROUP
ARM.L,Arm Holdings
ARR.L,Aurora Inv. Tst.
ART.L,Artisan Uk Plc Ord .05p
ARTO.L,ARTEON
ASBE.L,Associated Brit Engineering
ASC.L,ASOS
ASD.L,Axis-Shield Diagnostics plc
ASG.L,ASG MEDIA
ASH.L,Ashley House
ASHM.L,Ashmore Group
ASM.L,ANTISOMA ORDINARY SHARE I:GB00
ASR.L,Asia Resources
AST.L,Ascent Resources
ASTO.L,AssetCo
ASTR.L,ASTAIRE GRP
ASY.L,Andrews Sykes Group plc
ATD.L,Asterand
ATEL.L,Atelis
ATG.L,ADVENTIS GROUP GB
ATH.L,ATH RESOURCES
ATK.L,Atkins WS
ATL.L,ATLANTIC Gbl
ATLS.L,Atlas Estates
ATPT.L,Alpha Tiger Property Trust
ATR.L,ALLTRUE INVEST GB
ATS.L,Artemis Alpha Trust
ATST.L,Alliance Trust
ATY.L,Athelney Trust Plc Ord 25p
AUG.L,Augean
AUK.L,Aukett Assoc.
AUL.L,Aurelian Oil & Gas
AURR.L,Aurora Russia
AV.L,Aviva
AVA.L,Avanti Capital
AVC.L,ABondN DEV Cap
AVCT.L,Avacta Group
AVE.L,Avis Europe
AVG.L,Avingtrans
AVI.L,AVISEN
AVM.L,Avocet Mining
AVN.L,Avanti Communications Group
AVON.L,Avon Rubber Co plc
AVR.L,Avarae Global Coins
AVS.L,Avesco Group
AVV.L,AVEVA GROUP
AXD.L,Alexandra plc
AXM.L,Alexander Mining
AXN.L,Alexon Group plc
AXS.L,Accsys Technologies
AYM.L,Angelesey Mining
AZD.L,Allianz Dres Tst
AZN.L,Astrazeneca Plc Ord Shs $0.25
BA.L,BAE SYSTEMS PLC
BAB.L,Babcock Int'l Group plc
BABS.L,BLCRST ALBLU
BAE.L,BEALE plc
BAF.L,Br. Amer. Inv. Tst
BAG.L,BARR (A.G.) PLC
BAO.L,Baobab Resources
BARC.L,Barclays plc
BARS.L,BlackRock Absolute Return Strat
BATS.L,BRITISH AMERICAN TOBACCO PLC
BAV.L,Baronsmead AIM VCT
BAY.L,British Airways plc
BBA.L,BBA Group
BBAY.L,BlueBay WI Plc
BBY.L,Balfour Beatty
BCB.L,BCB Holdings
BCP.L,Boundary Capital
BCT.L,Business Control Solutions Grp
BDEV.L,Barratt Developments plc
BDI.L,Bond Intl Software
BDT.L,BIDTIMES
BDV.L,Baronsmead Vct.
BEE.L,Baring Emer.eur.tst Wt/Sub Ord
BEG.L,BEGBIES TRAYNOR GB
BEK.L,Berkeley Tech
BEM.L,BEOWULF MINING
BES.L,BLAVOD BLK VODKA
BEST.L,Best of The Best
BEZ.L,BEAZLEY GROUP
BG.L,Bg
BGBL.L,Bglobal
BGC.L,Btg
BGFD.L,Baill. G. Jap.
BGO.L,BANGO
BGS.L,Baill. G. Shin.
BGT.L,BRIGHT THINGS GB
BGTI.L,BGENUINETEC
BHGG.L,BH Global
BHMG.L,BH MACRO LTD GBP
BHN.L,Bluehone A Vct2
BHY.L,Boot (Henry) & Sons plc
BIF.L,BARCLAYS GLOBAL INVESTORS ENDO
BII.L,Biocompatibles Int'l plc
BILL.L,BILLING SERVICES
BILN.L,BILLINGTON HLDNG
BIOG.L,Biotech Growth Trust
BIP.L,Biofutures International
BISI.L,Bisichi Mining
BJU.L,Brainjuicer Group
BKIR.L,Bank Ireland
BKY.L,Berkeley Resources
BLCK.L,BLACKSTAR GROUP
BLD.L,Bulgarian Land Development
BLEY.L,Bailey (C.H.)
BLK.L,Blackrock International Land
BLKA.L,Black Arrow
BLND.L,British Land plc
BLNX.L,Blinkx
BLP.L,Blue Planet Euro Fin Inv Tst
BLT.L,BHP BILLITON PLC
BLU.L,BLUE STAR CAPITAL GB
BLVN.L,BowLeven
BLZ.L,Emblaze Systems
BMD.L,BARONSMEAD VCT 3
BMS.L,BRAEMAR SEASCOPE
BMT.L,BRAIME
BMTO.L,Braime T. F& J H.
BMY.L,Bloomsbury Pub.
BNS.L,BARONSMEAD 4 DE
BNZL.L,Bunzl plc
BOK.L,Booker Group
BOR.L,BORDER & SOUTH
BOY.L,Bodycote Int'l plc
BP.L,BP PLC
BPFA.L,BLUE PLNT I.T.1
BPFE.L,BLUE PLANET NO3
BPI.L,British Polythene Industries
BPM.L,B.P. Marsh & Partners
BPO.L,British Portfolio Trust
BPW.L,BLUE PLANET FIN
BQE.L,Bioquell Plc
BQS.L,Baqus Group
BRAL.L,Bramdean Alternatives
BRAM.L,Brammer plc
BRBY.L,BURBERRY GRP PLC ORD 0.05P
BRCI.L,BlackRock Comms Income Inv Tst
BRE.L,BRIT INSURANCE HOLDINGS PLC
BRG.L,Braemar Group
BRGE.L,Blackrock Latin Amer
BRH.L,Braveheart Investment Group
BRIC.L,Ishares FTSE Bric 50
BRK.L,BROOKS MACDONALD
BRNE.L,Blackrock NE Eng
BRSC.L,Blackrock Smaller Co
BRST.L,Burst Media Corporation
BRT.L,BRIGHTSIDE GROUP
BRU.L,Brulines (Holdings
BRW.L,Brewin Dolphin Holdings plc
BRWM.L,Blackrock World Mining
BRWV.L,BEDFORD ROW
BRY.L,Brady
BSET.L,British Assets Trust
BSST.L,Bluestar Secutech
BST.L,BR SMLR VCT2
BSY.L,British Sky Broadcasting plc
BTC.L,Baltic Oil Terminals
BTEM.L,Br. Empire Tst
BTSM.L,BSS Group plc
BVC.L,Batm Advanced Comm
BVIC.L,BRITVIC WI
BVM.L,Belgravium Tech
BVS.L,Bovis Homes
BVT.L,Baronsmead
BWNG.L,Brown (N) Group plc
BWY.L,Bellway plc
BYG.L,BIG YELLOW GRP
BYOT.L,BYOTROL
C21.L,21st Century Technology
CAD.L,Cadogan Petroleum
CAE.L,CHARTERIS PLC ORD 1P
CAL.L,CAP & REGIONAL
CAM.L,CAMELLIA
CAO.L,Camco International
CAP.L,Clean Air Power
CAR.L,CARCLO
CARE.L,Carecapital Group
CARL.L,Carluccio's
CAU.L,CENTAUR HOLDINGS GB
CAY.L,Charles Stanley
CAZA.L,Caza Oil & Gas
CB.L,COMM BROKING GRP
CBAY.L,CBaySystems Holdings
CBF.L,COBRA BIO MANU
CBG.L,Close Brothers Group plc
CBI.L,China Biodiesel Intl Holding
CBOX.L,Cashbox
CBRY.L,Cadbury Schweppes plc
CBX.L,CUBUS LUX GB
CC.L,Clinton Cards plc
CCAP.L,Charlemagne Capital
CCC.L,Computacenter
CCL.L,CARNIVAL
CCP.L,Celtic plc
CCR.L,C&C GROUP IE
CCS.L,CLARITY COMMERCE SOLUT ORD 25P
CDFF.L,Cardiff Prop.
CDG.L,CONROY DIAMONDS & GOLD PLC ORD
CDN.L,CALEDON RES
CDO.L,Carador
CDS.L,CDS OIL & GAS
CDY.L,CASSIDY BROS
CEAF.L,Close European Accelerated Fund
CEB.L,Clean Energy Brazil
CED.L,CLOSE ENHANCED
CEO.L,Coastal Energy Company
CEPS.L,CEPS
CESG.L,China Eastsea Business Software
CF.L,CANACCORD FIN
CFC.L,China Food Co
CFL.L,Contentfilm
CFU.L,Ceramic Fuel Cells
CFX.L,COLEFAX GROUP
CFYN.L,Caffyns
CGG.L,COBURG GROUP
CGL.L,Catlin Group
CGM.L,CHINA GOLDMINES
CGOP.L,CHINA GRTH OPP
CGS.L,Castings plc
CGT.L,Capital Gearing
CHG.L,Chemring Group plc
CHH.L,Churchill China plc
CHI.L,CLOSE HIGH PROP
CHLD.L,Chloride Group plc
CHNS.L,China Shoto
CHRT.L,Cohort
CHS.L,Chrysalis Group plc
CHT.L,Company Health
CHTR.L,CHARTER INTL
CHU.L,Chaucer Holdings
CHW.L,Chime Communication PLC
CHWI.L,China Western Investments
CHX.L,Chromex Mining
CIN.L,City Lon. Pr. Group
CINE.L,Cineworld Group
CINP.L,Cinpart
CIU.L,CAPE
CKN.L,Clarkson (Horace) plc
CKSN.L,COOKSON GROUP
CLC.L,Clinical Comp.
CLDN.L,Caledonia Investments plc
CLE.L,Climate Exchange
CLEA.L,Cleardebt Group
CLF.L,Cluff Gold
CLI.L,CLS Holdings plc
CLIG.L,City of London Investment Group
CLKH.L,Clarkson Hill Group (The)
CLL.L,Cello Group
CLLN.L,Carillion plc ord 50p
CLN.L,CARLTON RESOURS
CLS.L,CHEERFUL SCOUT PLC ORD 0.5P
CLST.L,Collins Stewart Tullett PLC
CLTV.L,Cellcast
CMAE.L,CMA Global Hedge PCC
CMG.L,Croma Group
CMH.L,Chamberlin plc
CMIP.L,Capital Management & Investment
CML.L,CML Microsystems plc
CMM.L,Commoditrade Inc
CMS.L,Communisis
CMX.L,Catalyst Med Group
CN.L,CANISP PLC GB
CNA.L,Centrica plc
CNC.L,CONCURRENT
CNE.L,Cairn Energy plc
CNKS.L,Cenkos Securities
CNMI.L,Camper & Nicholsons Marina Inv
CNN.L,CALEDONLAN TRUST PLC ORD 20P
CNR.L,Condor Resources
CNT.L,Connaught Plc Ord 10p
COB.L,Cobham plc
COE.L,Coe Group
COH.L,COFFEEHEAVEN INT
COL.L,Colliers Cre
COLT.L,Colt Telecom
COMS.L,Coms
CON.L,Connemara Mining Company
COO.L,Coolabi
COP.L,CIRCLE OIL IE
CORE.L,Core Business (The)
CORO.L,Corero
COST.L,Costain Group plc
CPC.L,CAPCON HOLDINGS
CPE.L,CHARTER PAN-EUROPEAN TRUST PLC ORD 1P
CPG.L,Compass Group plc
CPH.L,CLAPHAM HOUSE GRP
CPI.L,Capita Group plc
CPL.L,Chapelthorpe plc ord 5p
CPR.L,Carpetright plc
CPS.L,CPL RESOURCES ORDINARY SHARE
CPSP.L,Clyde Process
CPUB.L,Capital Pub Company
CPW.L,Carphone Warehouse
CPX.L,Cap-XX
CRA.L,CORAC GROUP PLC ORD 10P
CRAW.L,Crawshaw Group
CRDA.L,Croda Int'l plc
CREO.L,China Real Estate Opportunities
CRF.L,Ciref
CRH.L,CRH PLC ORD EUR 0.32
CRHL.L,CREAT RESOURCES
CRK.L,Clerkenwell Ventures
CRL.L,Creightons
CRM.L,Carrs Mill.
CRND.L,Central Rand Gold
CRO.L,Creon Corporation
CROP.L,Ceres Agriculture Fund Ld
CRPR.L,Cropper (James) plc
CRU.L,Coral Products plc
CRW.L,CRANEWARE
CRWN.L,Crown Place Vct
CRX.L,CYPROTEX
CSC.L,CSCAPE GRP
CSH.L,CASPAIN HOLDING GB
CSLT.L,Cosalt plc
CSN.L,Chesnara
CSR.L,CSR
CSRT.L,Consort Medical
CSS.L,CSSSTELLAR PLC ORD
CSU.L,Close Assets Funds
CTG.L,Christie Group
CTI.L,Cathay International Holdings
CTN.L,Clearstream Technologies Group
CTO.L,Clarke T.
CTR.L,Charles Taylor
CTS.L,Catalytic Solutions
CTY.L,CITY OF LONDON INVESTMENT TRUST PLC
CUK.L,Care UK plc
CUS.L,Custom Vis
CVH.L,CAVANAGH GROUP
CW.L,Cable & Wireless plc
CWK.L,Cranswick plc
CWO.L,China Wonder
CWP.L,CLIPPER WPR WI
CWR.L,Ceres Power Holdings
CYAN.L,Cyan Holdings
CYH.L,CYBIT HLDINGS
CYN.L,City National
CYS.L,Chrysalis Vct
CZA.L,Coal Of Africa
DA1O.L,DOWNI ABSO VCT
DAN.L,DANIEL STEWART GB
DATA.L,DATACASH GROUP
DAV.L,DAVENHAM
DAY.L,DAISY GROUP
DCC.L,DCC Plc
DCD.L,DCD Media
DCG.L,Dairy Crest Group
DCI.L,DOLPHIN CAP INV
DCL.L,DEXION COM EUR
DCP.L,DiamondCorp
DDD.L,DDD GROUP
DDE.L,Develica Deutschland
DDIT.L,DIRECTORS INV
DDT.L,Dimension Data
DEA.L,Dexion Eq Alt
DEB.L,Debenhams (WI)
DEMG.L,DELTEX MEDICAL
DEO.L,Deo Petroleum
DES.L,Desire Petroleum Plc Ord 1p
DGE.L,Diageo Plc
DGO.L,Dragon Oil
DIA.L,Dialight
DIGI.L,Digital Marketing Group
DISL.L,Discover Leisure
DIWO.L,Direct Wonen N.V.
DJAN.L,Daejan Holdings plc
DL.L,DEALOGIC HLDGS GB
DLAR.L,De La Rue plc
DLC.L,Delcam PLC
DLN.L,Derwent London
DLTA.L,Delta plc
DME.L,Discovery Metals
DMG.L,DORI MEDIA GRP
DMGO.L,Daily Mail and General Trust plc
DMGT.L,Daily Mail & General Trust A
DMP.L,DM Plc
DNDL.L,Dunedin Small
DNE.L,Dunedin Ent. I.T.
DNLM.L,Dunelm Group
DNO.L,Domino Printing Sciences plc
DNX.L,Dana Petroleum
DOM.L,DOMINO'S PIZZA
DOO.L,D1 OILS GB
DPH.L,DECHRA PHARMACEUTICALS PLC ORD
DPL.L,Dominion Petroleum
DPLM.L,Diploma plc
DPV2.L,DOWNING PLANN
DQE.L,DQ Entertainment
DRG.L,DRAGANFLY INV
DRS.L,DRS Data & Mngt
DRV.L,DRIVER GROUP
DRX.L,DRAX GROUP
DSC.L,Development Securities plc
DSG.L,Dillistone Group
DSGI.L,DSG Intl
DSN.L,Densitron Technologies
DTE.L,DATONG ELECTRON
DTG.L,Dart Group plc
DTL.L,DEXION TRADING
DTY.L,DIGNITY (WI) GB
DTZ.L,DTZ HOLDINGS
DUPD.L,Dragon-Ukrainian Prop. & Dev
DVO.L,Devro Int'l plc
DVSG.L,Davis Service Group plc
DVW.L,Dee Valley Group
DWHA.L,Dewhurst 'A'
DWHT.L,Dewhurst plc
DWSN.L,Dawson Int'l plc
E2V.L,E2V Technologies
EAGA.L,Eaga
EAH.L,Eco Animal Health
EAT.L,Euro. Assets
EBG.L,Energybuild Group
EBP.L,EQUEST BALK PRP
EBQ.L,EBIQUITY
ECDC.L,European Convergence Dev. Co
ECIT.L,Electric Inv
ECK.L,ECKOH TECHNOLOGIES PLC ORD
ECM.L,Electrocomponents plc Ord 10p
ECV.L,Eco City Vehicles
ECW.L,ECOFIN WPO 0.1P
EDA.L,Endace
EDD.L,Education Dev Intl
EDIN.L,Edinburgh Investment Trust
EDP.L,Electronic Data Processing plc
EEE.L,ENGEL EAST EUR
EEP.L,Eastern European Property
EFM.L,EFM Dragon Trust
EGS.L,EG SOLUTIONS
EGX.L,Energetix Group
EHP.L,Epistem Holdings
EIB.L,Equest Investments Balkans
EIH.L,EIH
EIT.L,Eagle Eye Telematics
EKT.L,Elektron
ELCO.L,Eleco Holdings
ELE.L,ELECTRIC WORD PLC ORD 1P
ELM.L,Elementis
EME.L,Empyrean Energy
EMED.L,EMED Mining Public
EMG.L,Man (E D & F) Group plc
EMR.L,EMPRESARIA GROUP GB
ENF.L,Enfis Group
ENG.L,Hend. El. & Gen. I.T.
ENGI.L,ENERGISER INVE
ENI.L,Edinburgh New Income Trust
ENK.L,EUROPEAN NICKEL GB
ENRC.L,Eurasian Natural Resources Corp
ENRT.L,ENV Recycling TC
ENV.L,Enova Systems
EO.L,Encore Oil
EOG.L,Europa Oil & Gas
EPG.L,EP Global OP Test
EPO.L,EARTHPORT
EQQQ.L,NASDAQ-100 EUROPEAN TRACKER SHS NPV
ERE.L,EREDENE CAPITAL
ERM.L,Euromoney Publications plc
EROS.L,Eros International
ERU.L,ERUMA
ESR.L,ENSOR HOLDINGS
EST.L,East European Trust
ET.L,Establishment Investment Trust
ETC.L,ET-china.com International Hldgs
ETI.L,Enterprise Inns
ETO.L,Entertainment One
ETQ.L,Energy Tech.
EUA.L,EURASIA MINING PLC ORD 5P
EUE.L,iSHARES DJ EURO STOXX 50
EUN.L,iSHARES DJ STOXX 50
EUS.L,Edin US Tracker
EVG.L,EVOLUTION GROUP PLC ORD 1P
EVT.L,EUROVESTECH
EWI.L,Edin. Wwide Inv.
EXC.L,EXC PLC GB
EXPN.L,Experian Group
EXXS.L,ENERGY XXI
EZJ.L,EASYJET PLC ORD 25P
FAMT.L,Framlington Aim VCT 2
FAN.L,FIRST ARTIST CORPORATION PLC
FAS.L,Fidelity Asian
FBDU.L,Flying Brands Ltd Shares
FBT.L,FORBIDDEN TECH ORD 0.8P
FCAM.L,F&C Asset Mngt
FCCN.L,French Connection Group plc
FCI.L,F&C Cap & Inc It
FCU.L,For. & Col. Euro.
FDBK.L,Feedback
FDI.L,Firestone Diamonds Plc Ord 20p
FDL.L,Findel Plc
FDMG.L,FDM Group
FDP.L,FISRT DERIVATIVE
FDSA.L,Fidessa Group
FDT.L,1ST DENTAL LABORATORIES 10P
FEN.L,FRENKEL TOPP GB
FENR.L,Fenner plc
FEP.L,Forum Energy
FEV.L,Fid. Euro. Val.
FFA.L,FFASTFILL PLC ORD 1P
FFY.L,Fyffes
FGN.L,Futuragene
FGP.L,Firstgroup
FGT.L,Finsbury Growth
FIF.L,Finsbury Food Group
FIP.L,FUSION IP
FITB.L,FITBUG HLD
FKE.L,FISKE
FKL.L,Falkland Islands Hldgs
FLK.L,Fletcher King
FLTR.L,Filtrona
FMJ.L,FORMJET GB
FND.L,Finders Resources
FPM.L,Faroe Petro
FPO.L,FIRST PROPERTY ONLINE PLC 1P
FPT.L,Forth Ports plc
FQM.L,FIRST QUANTUM MINERALS LD COM
FRCL.L,Foreign Colonial Investment Trust
FRES.L,Fresnillo
FRM.L,Formation Group
FRO.L,Frontline
FRR.L,FRONTERA RES WI
FSC.L,F&C US SMALL CO
FSG.L,Focus Solutions Group
FSJ.L,Fisher (James) & Sons plc
FSTA.L,Fuller, Smith & Turner plc
FTC.L,Filtronic Comtek plc
FTD.L,Foresight 3 VCT
FTF.L,Foresight 4 VCT
FTN.L,Foresight 2 VCT
FTO.L,Fortune Oil plc
FTS.L,Formula Telecom Solutions
FTV.L,Foresight Technology VCT
FUL.L,FULCRUM PHARMA
FUM.L,FUTURA MEDICAL
FUS.L,F&C UK Select Trust
FUTR.L,Future Network plc ord 1p
FWEB.L,Fiberweb
FXC.L,ISHS FTSE/XINHUA
FXPO.L,Ferrexpo
GAL.L,Galantas Gold Corporation
GAR.L,Garner
GAS.L,Gasol
GBF.L,Gem Biofuels
GBG.L,GB GROUP
GBR.L,GLOBAL BRANDS SA
GCM.L,Global Coal Mgmt
GCO.L,GREEN CO2
GDG.L,Green Dragon Gas
GDWN.L,GOODWIN
GED.L,Gbl ENERGY
GEM.L,Gemfields Resources
GEMD.L,Gem Diamonds
GEO.L,Gartmore European Investment Trust
GETM.L,Getmobile Europe
GFM.L,Griffin Mining
GFRD.L,GALLIFORD TRY
GFRM.L,Galiform
GFS.L,Grp 4 Securicor
GGG.L,CENTRAL CHINA
GGL.L,Gartmore Global Trust
GGOR.L,Gartmore Growth Opportunities
GGP.L,Greatland Gold
GHE.L,GRESHAM HOUSE
GHH.L,GOOCH & HOUSEGO
GHT.L,Gresham Computing plc
GIR.L,GARTMORE IRISH SMALL PLC O 25P
GKN.L,GKN
GKO.L,Greenko Group
GLB.L,Glanbia
GLBS.L,Globus Maritime
GLD.L,Gladstone Plc Ord 0.01p
GLE.L,Gleeson (M.J.) Group plc
GLI.L,GLISTEN
GLIF.L,GREENWICH LOAN
GMA.L,GMA RESOURCES
GMF.L,Gart Fledg Idx ord 25p
GMG.L,Game Group
GMNT.L,Gottex Market Neutral Trust
GNC.L,Greencore Group
GNG.L,Geong International
GNK.L,Greene King plc
GNS.L,GENUS
GO.L,GlobeOp Financial Services S.A.
GOAL.L,Goals Soccer Centres
GOG.L,Go-Ahead Group plc
GOI.L,GoIndustry
GON.L,GALLEON HLDGS
GOO.L,Gold Oil
GPE.L,GRAPHITE ENTERPRISE TRT PLC
GPG.L,Guinness Peat Group plc
GPK.L,Geopark Holdings
GPOR.L,Great Portland Estates plc
GPRT.L,Goldenport Holdings
GRG.L,Greggs plc
GRH.L,GR Holdings
GRI.L,Grainger Trust plc
GRL.L,Goldstone Res
GSDO.L,Goldman Sachs Dynamic Opp
GSK.L,Glaxo Smithkline plc
GSS.L,Genesis E.M.F.
GTC.L,GETECH GROUP
GTE.L,GAS TURBINE EFF
GTL.L,GTL RESOURCES
GTX.L,GENETIX GROUP
GWP.L,GW PHARMA PLC ORD 0.1P
HAIK.L,Haike Chemical Group
HAMP.L,Hampson Industries plc
HAN.L,Hansa Trust
HANA.L,Hansa Trust A
HAR.L,HARVARD INTER
HAS.L,Hays plc
HAT.L,H&T Group
HAWK.L,Nighthawk Energy
HBR.L,Holidaybreak Plc
HCFT.L,Highcroft Inv.
HCM.L,Hutchison China Meditech
HCP.L,HOTEL CORPORATION
HDD.L,Hardide
HDIV.L,Henderson Diversified Income
HDT.L,Holders Tech.
HDU.L,HARDY UNDERWRITING GRP ORD 20P
HDY.L,HARDY OIL & GAS
HEAD.L,Headlam Group plc
HEGY.L,Helius Energy
HER.L,HERENCIA RES
HFD.L,HALFORDS GROUP GB
HFEL.L,Henderson Far East Income
HFG.L,Hilton Food Group
HFO.L,HENDERSON FIN
HGM.L,HIGHLAND GOLD MINING LD ORD
HGT.L,HG Capital Trust
HHC.L,Hexagon Human Capital
HHI.L,Hend. High Inc.
HHR.L,Helphire Group
HICL.L,HSBC Infrastructure Company
HIK.L,HIKMA PHARMA WI
HILS.L,Hill & Smith Holdings plc
HL.L,Hargreaves Ls
HLCL.L,Helical Bar plc
HLMA.L,Halma plc
HLO.L,HEALTHCARE LOC
HLS.L,Helesi
HMB.L,HAMBLEDON MINING GB
HML.L,HENDERSON MORLEY PLC 0.125P
HMLH.L,HML Holdings
HMS.L,HALLIN MARINE
HMSO.L,Hammerson Property plc
HMV.L,HMV GROUP PLC ORD 1P (WI)
HMY.L,HAMWORTHY GB
HNE.L,Henderson Euro.
HNN.L,Hay (Norman)
HNT.L,Huntsworth Plc
HOC.L,Hochschild Mining
HOIL.L,Heritage Oil
HOME.L,Home Retail Group
HOT.L,Henderson Strat
HRCO.L,Hirco (WI)
HRG.L,Hogg Robinson Group
HRN.L,Hornby Group plc
HRO.L,HR Owens Plc
HSBA.L,HSBC Holdings 75p plc
HSM.L,Heath Samuel and Sons
HSP.L,HARGREAVES SERV
HSS.L,HIGHAM SYS SERV
HSV.L,Homeserve
HSX.L,Hiscox
HTG.L,Hunting plc
HTH.L,Hartest Holdings
HTI.L,Hawtin plc
HTIG.L,Hightex Group
HTT.L,HOT TUNA INTL
HUW.L,HAMPDEN
HVE.L,Havelock Europe ord 10p
HVN.L,HARVEY NASH GRP
HVT.L,HEAVITREE BREW
HVX.L,HUVEAUX ORD 10P
HWC.L,Highway Capital
HYC.L,Hyder Consulting
HYD.L,Hydro Energy Service Inc
HYDG.L,Hydrogen Group
HYG.L,Hygea VCT
HYNS.L,Haynes Publishing Group plc
HYR.L,Hydrodec Group
HZM.L,Horizonte Minerals
IAE.L,Ithaca Energy
IAEX.L,iShares AEX
IAM.L,INTEGRATED ASSET MANAGEMENT
IAP.L,ICAP PLC ORD 50P
IASP.L,Ishares FTSE Epra Nareit Asia
IBB.L,ISLAMIC BANK GB
IBGL.L,Ishares Euro Government Bond 15-30
IBGM.L,Ishares Euro Government Bond 7-10
IBGX.L,Ishares Euro Government Bond 3-5
IBL.L,INT BRAND LICENS
IBT.L,Intl Biotech TST 'C'
IBTM.L,Ishares US Treasury Bond 7-10
ICA.L,INVESTEC CAP ACC
ICB.L,ICB Financial Group Holdings AG
ICP.L,Intermediate Capital Group plc
IDA.L,Idatech
IDBT.L,Ishares
IDG.L,i-design Group
IDM.L,INDITHERM
IDOX.L,I-DOCUMENTSYSTEMS GRP PLC 1P
IDS.L,IDEAL SHOPPING
IDUS.L,Ishares
IEI.L,Invesco Eng. & Int.
IEM.L,IMPAX ENMTL MKTS
IEMB.L,Ishares JPMorgan USD Emerging Mkts Bond
IEMI.L,Ishares S&P Emerging Mkts Infrastructure
IEN.L,INTELLIGENT ENVIROMENTS GROUP
IERE.L,Invista European Real Est.Tst Sicaf
IEUR.L,ISHARES PLC
IFC.L,Indian Film Company
IFD.L,INSIGHT FOUNDAT GB
IFL.L,International Ferro Metals
IFM.L,INTANDEM FILMS
IFP.L,IFG Group
IFR.L,IFR Capital
IGAS.L,IGAS ENERGY
IGC.L,India Capital Growth Fund
IGD.L,INCAGOLD
IGE.L,IMAGE SCAN HLDGS
IGG.L,IG GRP HLDGS
IGLT.L,Ishares FTSE UK All Stks GILT
IGP.L,INTERCEDE GRP PLC ORD 25P
IGRE.L,ING Global Real Estate Secs
IHC.L,INDIA HOSPITALTY
IHG.L,INTRCONT HOTELS
IHGP.L,IN HOUSE GROUP
IHP.L,INTELLEGO HLDGS GB
IHUK.L,IMPACT HOLDINGS
III.L,3I Group plc
IIM.L,IIMIA INVESTMENT GB
IIP.L,Infrastructure India
IIT.L,INDEPENDENT INV TST PLC ORD 25
ILH.L,Invesco Leveraged Hi Yld Fd 1p
ILI.L,Imagelinx
ILX.L,INTELLEXIS
IMD.L,INDEPENDENT MEDIA DIST ORD 10P
IME.L,IMMEDIA GRP
IMG.L,Imagination Tech
IMI.L,I M I plc
IMJ.L,IMJACK
IMM.L,Immupharma
IMT.L,Imperial Tobacco Group
IMTK.L,Imaginatik
INB.L,INTERBULK INV GB
INCH.L,Inchcape plc
IND.L,INDIGOVISION GP
INDY.L,INDIA STAR
INF.L,INFORMA
INFO.L,Infoscreen Networks
INFR.L,Ishares FTSE Macquarie Glbl Inf 100
INL.L,Inland
INN.L,INNOVISION RESEARCH & TECH 1P
INPP.L,International Public Partnership
INRE.L,Invista Real Est.Inv Mngt Hldgs
INV.L,Investment Company
INVO.L,Invocas Group
INVP.L,INVESTEC
INVU.L,INVU
INXG.L,Ishares Pound IDX Lkd GILT
IOG.L,ISLAND OIL & GAS IE
IOM.L,IOMART GRP PLC ORD 1P
IPA.L,Invesco Perpetual AIM VCT
IPEL.L,Impellam Group
IPF.L,International Personal Finance
IPH.L,INTERACTIVE PROSP GB
IPI.L,IVESCO UK PROP GB
IPM.L,Irish Permanent
IPNT.L,Ipoint-media
IPO.L,IP2IPO Group
IPP.L,IPPLUS
IPR.L,International Power
IPRT.L,Invesco Perpetual Trust 2011
IPS.L,Ipso Ventures
IPSA.L,IPSA Group
IPT.L,ISIS PROP TST
IPU.L,Inv Perpuk Smlr
IPX.L,IMPAX ASST MNG
IQE.L,IQE PLC ORD 10P
IQH.L,IQ Holdings
IRC.L,INDIVIDUAL RESTAURANT
IRET.L,ING UK Real Estate Income Trust
IRG.L,Independent Resources
IRGP.L,INDIA REST GRP
IRP.L,IRP PROPERTY
IRV.L,Interserve
ISAT.L,Inmarsat
ISDE.L,iShares II PLC
ISEM.L,iShares II PLC
ISF.L,ISHARES PLC IFTSE 100
ISG.L,Interior Svcs Group Plc Ord 1p
ISL.L,I S Solutions
ISYS.L,Invensys plc ord 25p
ITA.L,Itacare Capital Investments
ITE.L,ITE Group Plc Ord
ITK.L,Intelek
ITKY.L,Ishares Msci Turkey
ITL.L,Intec Tele System
ITM.L,ITM POWER GB
ITPS.L,Ishares USD Tips
ITQ.L,INTERQUEST GRP
ITRK.L,INTERTEK TESTING SVC ORD 1P
ITV.L,ITV PLC
IVI.L,Invesco Inc Growth
JAM.L,JP Morgan Amer Invest
JAP.L,Japnse Accel Fund
JCH.L,JPMorgan Fleming Claverhouse IT
JCR.L,Just Car Clinics
JDW.L,Wetherspoon (J D) plc
JEL.L,Jersey Electricity
JEO.L,JUPITER EURO OPPS TR PLC ORD1P
JETG.L,JP Morgan Euro Growth In Trust
JFF.L,JPM Fleming Euro I.T.
JFJ.L,JPMF Japan Investors
JGC.L,Jupiter Green Investment Trust
JHD.L,James Halstead plc
JII.L,JPMORGAN FLEMING INDIAN IT PLC
JIL.L,Juridica Investments
JIM.L,JARVIS SECURITIES GB
JJB.L,JJB Sports
JKX.L,JKX Oil & Gas plc
JLH.L,J LEWIS OF HUNG
JLP.L,JUBILEE PLATINUM
JLT.L,Jardine Lloyd Thompson
JMAT.L,Johnson Mathey plc
JMC.L,JP Morgan Fleming Chinese Inv Tst
JMF.L,JPM Fleming Corp
JMI.L,JP MORGAN FLEMING SMALLER COS
JMO.L,JPM Fleming Overseas Investors
JPG.L,Jupiter Primdna
JPI.L,JP Morgan Fleming Inc and Cap IT
JPLH.L,Japan Leisure Hotels
JPR.L,Johnston Press plc
JPS.L,JPM FLEM JAP SM
JPU.L,JPMorgan Fleming US Disc IT
JQV.L,Jacques Vert plc
JRIC.L,Japan Residential Inv. Co.
JRS.L,JPMorgan Fleming Russian Secs PLC Ord 1p
JRVS.L,Jarvis plc
JSM.L,JSM Indochina
JSP.L,JESSOPS
KAH.L,Kalahari Minerals
KAZ.L,KAZAKHMYS WI
KBC.L,KBC Adv Tech PLC
KBT.L,K3 Bus Tech Grp
KCOM.L,KINGSTON COMMUN (HULL) PLC 10P
KDD.L,Kopan Diamond
KDR.L,KARELIAN DIAM
KEFI.L,Kefi Minerals
KEIF.L,Kenmore European Industrial Fund
KEN.L,Kenetics Group
KENZ.L,Kentz Corporation
KESA.L,KESA ELECTRICALS
KFX.L,Kofax
KGF.L,Kingfisher plc
KGP.L,Kingspan Group
KIE.L,Kier Group
KIO.L,KIOTECH INTL
KIT.L,Keystone Investment Trust
KIV.L,Keydata Income VCT 1
KIW.L,Kiwara
KLG.L,Kalimantan Gold Corp
KLN.L,Kellan Group
KLR.L,Keller Group plc
KMR.L,Kenmare Res.
KSI.L,Kleenair Systems International
KSK.L,KSK Power Ventur
KWI.L,KINGSWALK INV
KYGA.L,Kerry Group 'A'
KYS.L,KRYSO RESOURCES GB
L100.L,Lyxor ETF FTSE 100
L250.L,Lyxor ETF FTSE 250
LAD.L,Ladbrokes
LAM.L,Lamprell
LAND.L,Land Securities plc
LBE.L,Liberty
LCA.L,Low Carbon Accelerator
LCG.L,LONDON CAP GRP
LCT.L,Lincat Group plc
LDP.L,Leed Petroleum
LDSG.L,Leeds Group plc
LED.L,LED International Holdings
LEE.L,LEES FOODS
LEF.L,Ludgate Environmental Fd
LEME.L,Lyxor ETF MSCI Emerging Markets
LFI.L,Lon. Fin & Inv. Group
LGEN.L,Legal & General Group plc
LGN.L,Lagan Capital
LGNG.L,LEGION GROUP
LGO.L,Leni Gas & Oil
LGT.L,LIGHTHOUSE GROUP PLC ORD 1P
LID.L,LIDCO GRP PLC ORD 0.5P
LII.L,Liberty Intl.
LIN.L,Litcomp
LIO.L,Liontrust Asset Management plc ord 1p
LIV.L,Livermore  Inc Grp
LKI.L,Landkom International
LLAT.L,Lyxor ETF MSCI Em Latin America
LLAU.L,Lyxor ETF MSCI Em Latin America
LLOY.L,Lloyds Bank plc
LMI.L,Lonmin Plc Ord
LMR.L,Luminar PLC
LMT.L,Lombard Medical Technologies
LND.L,LANDORE RES
LNG.L,Leisure & Gaming
LOG.L,Logica plc
LOGP.L,Lansdowne Oil & Gas
LOK.L,LOK'N STORE GRP PLC ORD 1P
LOOK.L,Lookers plc
LOQ.L,LO-Q
LPA.L,LPA Group
LPX.L,Lipoxen
LQDE.L,Ishare Investop IE
LRD.L,Laird
LRE.L,Lancashire Holdings
LRL.L,LEYSHON RESORCE
LRM.L,Lombard Risk Management
LSC.L,London Security
LSE.L,LONDON STK EXCH PLC ORD 5P
LSL.L,LSL Property Services (WI)
LSLI.L,Lon. & St. Law. I.T.
LSP.L,London & Stamford Property
LSR.L,Local Shopping REIT (WI)
LTHM.L,LATHAM JAMES
LTI.L,Lindsell Train Investment Trust
LTS.L,Litho Supplies
LTW.L,LONDON TOWN
LUD.L,Ludorum
LUP.L,Lupus Capital
LVD.L,Lavendon Group Np
LWB.L,Low & Bonar plc
LWDB.L,Law. Deb. Corp.
LZM.L,Lonzim
MAB.L,MITCHELLS & BUT
MACF.L,Macfarlane Group plc
MAE.L,Mallett plc
MAI.L,MAINTEL HOLDINGS GB
MAJE.L,Majedie Inv.
MAMA.L,Mama Group
MARL.L,Mariana Resources
MARS.L,MARSTONS
MAT.L,Matica
MAV4.L,MAVEN INC & GROWTH
MBE.L,MWB BUSIN EXCH
MBH.L,MICHELBERSH BRICK GB
MBT.L,Mobile Tornado Group
MCAP.L,Mission Capital
MCAU.L,Speymill Macau Property Company
MCB.L,McBride plc
MCGN.L,Microgen Holdings plc
MCHL.L,MOUCHEL PLC ORD 0.25P
MCI.L,MCINERNEY HLDGS
MCKS.L,McKay Securities plc
MCM.L,Motivcom
MCP.L,M.C. Pacific
MCRB.L,Mobile Credit Baltic
MCRO.L,Micro Focus International
MDC.L,Media Corp
MDG.L,Mobile Doctors Group
MDW.L,MEDIWATCH
MDY.L,MDY Healthcare
MDZ.L,MEDIAZEST
MEC.L,MECOM GROUP
MEQ.L,M and G Equity Investment Tst
MEQI.L,M & G Equity IT Inc.
MER.L,MEARS GROUP
MERC.L,Merchant Sec
MERE.L,Matrix European Real Estate IT
MES.L,Messaging International
MET.L,Metro Baltic Horizons
MFX.L,MANX FINANCIAL
MGCR.L,Morgan Crucible Co plc
MGGT.L,Meggitt plc
MGHC.L,M & G High Income IT Cap.
MGHI.L,M & G High Income IT Inc.
MGNS.L,Morgan Sindall plc
MHG.L,MERCHANT HSE GRP
MIDD.L,ISHARES FTSE250 IE
MIG.L,Matrix Income & Growth 2 VCT
MIG1.L,MAVEN I&G
MIG2.L,MAVEN INC & GWT 2
MIG3.L,MAVEN INC & GWT 3
MIG4.L,Matrix Inc & Gwrth 4 VCT
MIGT.L,Midas Inc & Growth
MIN.L,Minoan Group
MIO.L,MINCO PLC ORD IEP 0.01
MIRA.L,Mirada
MIRL.L,Minera IRL
MIX.L,MATRIX INC & GRW GB
MIXT.L,Matrix Income & Growth VCT 3
MJT.L,Melchior Japan Investment Trust
MJW.L,MAJESTIC WINE PLC ORD 30P
MKLW.L,Mucklow (A.J.) Group plc
MKS.L,Marks & Spencer plc
MLC.L,Millennium & Cop
MLIN.L,Molins plc
MLO.L,Melorio
MMC.L,Management Consulting
MMS.L,Maghreb Minerals
MNDI.L,Mondi Plc
MNGS.L,Manganese Bronze Holdings plc
MNKS.L,Monks I.T.
MNL.L,Manchester & Lon
MNR.L,Minerva Plc
MNZS.L,Menzies (John) plc
MOG.L,MEDIT OIL & GAS
MONY.L,Moneysupermarket.com Plc
MOR.L,Morse Holdings plc ord 10p
MOS.L,Mobile Streams
MOU.L,Mount Engineering
MPE.L,MP Evans Grp
MPG.L,Maypole Group
MPI.L,MICHAEL PAGE INTL PLC ORD 1P
MPM.L,Minster Pharm
MPO.L,Macau Property Opp. Fund
MPS.L,MINORPLANET SYS
MRG.L,MERCURY RECYCLING GRP PLC 10P
MRM.L,METRODOME GROUP
MRN.L,Morson Group
MRO.L,MELROSE PLC
MRS.L,MELROSE RESOURCES ORDINARY SHA
MRW.L,Morrison (Wm) Supermarkets plc
MRX.L,Metalrax Group plc
MSG.L,Milestone Group
MSI.L,MS INTERNATIONAL ORDINARY SHS
MSLH.L,Marshalls plc
MSQ.L,MEDIA SQUARE
MST.L,Mid-States plc
MSY.L,Misys plc
MTA.L,Matra Petrol
MTC.L,Mothercare
MTE.L,Montanaro European Smaller Co
MTEC.L,Matchtech Group
MTH.L,Mithras Inv. Trust
MTL.L,METALS EXPLORA GB
MTO.L,Mitie Group plc
MTT.L,METAL-TECH
MTU.L,Montanaro UK
MTV.L,MOTIVE TV
MTVW.L,MOUNTVIEW ESTS
MTW.L,Mattioli Woods
MUL.L,MULBERRY GROUP
MUR.L,MURGITROYD GROUP
MUT.L,Murray Intl
MVC.L,Medavinci
MVW.L,Mavinwood
MWA.L,Mwana Gold
MWB.L,Maylebone Warwick
MWE.L,MTI Wireless Edge
MWG.L,Modern Water
MWJ.L,MORANT WRI JPN
MWY.L,Mid Wynd Int.
MXF.L,Medicx Fund
MXM.L,MAXIMA GB
MYI.L,Murray Investment Trust
NAD.L,Namakwa Diamonds
NAM.L,NORTH AMER BANK
NAR.L,Northamber plc
NAS.L,North Atl. Smlr
NASA.L,NASSTAR
NBI.L,Northbridge Industrial Services
NBL.L,Noble Investments (UK)
NBP.L,NARBOURO PLANT
NBPC.L,Naya Bharat Property Co PLC
NBR.L,Namibian Res
NBT.L,Netbenefit Plc Ord 1p
NCC.L,NCC Group
NCYF.L,New City High Yield Fund
NEPI.L,New Europe Property Investments
NET.L,NETCALL
NETD.L,Netdimensions (Holdings)
NEX.L,Nat'l Express Group plc
NFC.L,Next Fifteen Com
NFDS.L,Northern Foods plc
NG.L,Natl Grid Group
NGG.L,NEXTGEN GROUP
NGH.L,NETWORK GRP HLDS
NICL.L,Nichols (J.N.) plc
NII.L,New India Inv
NLD.L,Nordic Land
NMD.L,NORTH MIDLAND
NOA.L,Noble Aim VCT
NPT.L,Netplay TV
NRI.L,Nthn. Investors
NRRP.L,North River Resources
NSI.L,NEW STAR INV TST
NSN.L,NATASA MINING
NSV.L,Netservices
NTA.L,Northacre Plc Ord 2.5p
NTG.L,NORTHGATE PLC ORD 5P
NTN.L,NORTHERN 3 VCT
NTV.L,NORTHERN 2 VCT
NTX.L,NXT PLC
NTY.L,NETWORK TECH
NUM.L,NUMIS CORP
NUS.L,Nautilus Minerals Inc.
NUT.L,NEUTRAHEALTH
NVA.L,Novae Group
NVE.L,NOVERA ENERGY
NVR.L,Nviro Cleantech
NVT.L,Nthn. Venture
NVTA.L,Noventa
NWF.L,NWF GROUP
NWG.L,NRTHMBRN WATER
NWKI.L,Networkers Intl
NWS.L,Smiths News
NWT.L,Newmark Security
NXS.L,Nexus Management
NXT.L,Next plc
OAH.L,Oak Holdings
OCG.L,Oxford Catalysts Group
OCH.L,Orchid Developments Group
OCL.L,Oakley Capital Investments
OCN.L,Ocean Wilson
OCR.L,ONECLICKHR PLC ORD 1P
ODX.L,Omega Diag
OEC1.L,OCTOPUS VCT
OEX.L,Oilex Nl
OGN.L,Origin Enterprises
OHM.L,OFFSHORE HYDRO GB
OIG.L,Oryx Int'l Growth
OIH.L,OMEGA INSURANCE
OMG.L,Oxford Molecular Group plc
OMH.L,Osmetech Plc
OML.L,Old Mutual Plc Ord 10p
ONL.L,On-Line PLC
OOA.L,Octopus AIM VCT
OPD.L,OPD Group
OPF.L,OFF PLAN FD NPV
OPHX.L,OCTOPUS PHOENIX
OPM.L,1pm
OPP.L,ORIGO PARTNERS
OPT.L,OCEAN PWR TECH
OPTS.L,Optos
ORA.L,Ora Capital Partners
ORM.L,Ormonde Mining
ORPK.L,ORPAK SYSTEM
ORT.L,ORTUS VCT
OSA.L,OCTOPUS SND D
OSG.L,Opsec Sec Grp
OTE.L,O Twelve Estates
OTM.L,OTTOMAN FD
OVG.L,Ovoca Resources
OXA.L,Oxford Adv Surf
OXB.L,Oxford Biomedica
OXE.L,Oxeco
OXIG.L,Oxford Instruments plc
OXS.L,OXUS MINING PLC ORD 1P
OXT.L,Oxford Tech Venture
PAC.L,Pacific Assets
PACC.L,Prime Act Cap
PAG.L,Paragon Group
PANR.L,Pantheon Resources
PAP.L,PADDY POWER PLC ORD EUR 0.10
PAQ.L,PAQ International Holdings
PAV.L,Pennine Aim Vct.
PAY.L,PAYPOINT GB
PBTY.L,Probability
PCF.L,Private & Commercial Fin Group
PCH.L,POCHINS ORD 25P
PCI.L,Petroceltic Int
PCL.L,Pinnacle Staffing Group
PCT.L,Polar Capital Technology Trust
PDC.L,PRINTING.COM GB
PDF.L,Pangea Diamondfields
PDG.L,Pendragon plc
PDL.L,PETRA DIAMONDS LD ORD 10P
PDX.L,PURSUIT DYNAMICS PLC ORD 1P P
PEG.L,Petards Group
PEJR.L,Prospect Epicure J-REIT Val Fd
PELE.L,Petrolatine Energy
PEN.L,Pennant Intl Grp Plc Ord
PEQ.L,Private Equity Investor
PET.L,PETREL RESOURCES PLC ORD 1P
PEW.L,Prmr Enr & Water
PEY.L,Princess Private Equity Holding
PFC.L,PETROFAC WI
PFD.L,Premier Foods
PFG.L,Providant Financial plc
PFL.L,Premier Farnell Electronics plc
PFO.L,PRIME FOC LON
PGB.L,PILAT MEDIA GBL
PGC.L,Prologic
PGH.L,PERSONAL GROUP HOLDINGS PLC
PGL.L,PENINSULAR GOLD
PGS.L,PGS Solutions
PHC.L,PLANT HEALTH CARE GB
PHD.L,Proactis Holdings
PHO.L,Peel Hotels Plc Ord
PHP.L,Primary Health
PHRM.L,Phorm
PHSC.L,PHSC
PHTM.L,Photo-Me Int'l plc
PHU.L,Pactolus Hungarian Property
PIC.L,Pace Micro
PIM.L,Plant Impact
PINN.L,PINNACLE TEL
PIP.L,PIPEHAWK PLC ORD 1P
PIXL.L,Pixel Interactive Media
PKG.L,Park Group
PKW.L,Parkwood Holdings
PLA.L,Plastics Capital
PLAZ.L,Plaza Centers N.V.
PLE.L,PLETHORA S HLDGS
PLEI.L,Pantheon Leisure
PLI.L,Perptl, I&G Inv.
PLNT.L,Plantic Technologies
PLW.L,PLAYWIZE ORD
PMG.L,Parkhead Group
PMHL.L,Prosperity Minerals Holdings
PMK.L,Plus Markets Grp
PMO.L,Premier Oil plc
PMP.L,Portmeirion Potteries plc
PMR.L,Panmure Gordon
PMS.L,Palmaris Capital
PMV.L,Puma VCT II
PNA.L,Penna
PNB.L,PUBS N BARS PLC ORD 20P
PNE.L,PRESTON NTH END
PNG.L,PERSIAN GOLD
PNN.L,Pennon Group plc ord
PNS.L,Panther Securities plc
PNX.L,PHOENIX IT GROUP
POG.L,PETROPAVLOVSK
PON.L,Psion plc
POS.L,Plexus Holdings
POWR.L,Powerflute OYJ
PPA.L,Pan Pacific Aggregates
PPN.L,Platmin
PPR.L,PENTAGON PROT.
PPS.L,Proton Power Systems
PPT.L,Planet Group
PRA.L,PRAESEPE
PRD.L,Prodesse Investment
PRE.L,Pan Andean Resources plc
PRES.L,Pressure Technologies
PRF.L,Premier Renewable Energy Fund
PRL.L,POLO RESOURCES
PRM.L,PROTEOME SCIENCES ORDINARY SHA
PROP.L,Property Recycling Group
PROV.L,Proventec
PRP.L,PRIME PEOPLE
PRTY.L,Partygaming
PRU.L,Prudential Corp plc
PRV.L,Porvair plc
PRX.L,Proximagen Neuroscience
PSK.L,PROSTRAKAN WI
PSN.L,Persimmon plc
PSON.L,Pearson plc
PSPI.L,Public Service Properties Inv
PST.L,Portrait Soft
PTD.L,Pittards
PTEC.L,Playtech
PTH.L,PROMETHEAN
PTMN.L,Petmin
PTO.L,PUBLISHING TECH
PTR.L,Petroneft Resources
PTS.L,PATSYSTEMS
PTX.L,Protonex Technology Corporation
PTY.L,Parity plc
PUB.L,PUNCH TAVERNS PLC ORD SHS
PUMC.L,Puma VCT III
PUR.L,PURE WAFER GB
PURE.L,Purecircle
PVCS.L,PV Crystalox Solar
PVN.L,PROVEN VCT
PWS.L,PINEWOOD-SHEPP GB
PYC.L,PHYSIONOMICS GB
PZC.L,PZ CUSSONS
QDG.L,Quadrant Group
QED.L,Quintain Estates & Development
QFI.L,Quardr Fuel Intl
QQ.L,QinetiQ Group
QRT.L,Quarto Group
QTI.L,Qonnectis
QWIL.L,QUEEN S WALK WI
QYM.L,Quayle Munro
RAB.L,RAB Capital
RAM.L,Ram Inv Grp
RAT.L,Rathbone Brothers plc
RAY.L,RAYMARINE GB
RB.L,Reckitt Benckiser
RBG.L,Rensburg
RBN.L,ROBINSON PLC GB
RBS.L,Royal Bank Scotland plc
RCAP.L,RICMORE CAPITAL
RCDO.L,Ricardo Group plc
RCG.L,RCG Holdings
RCP.L,RIT Capital Part
RDP.L,Radicle Projects
RDSA.L,Royal Dutch Shell
RDW.L,Redrow Group plc
RE.L,R.E.A. HLDGS PLC ORD 25P
REAL.L,Real Office Group
RED.L,REDSTONE TELECOM PLC ORD 5P
REDT.L,RED24
REH.L,RENEWABLE ENERGY
REL.L,Reed Elsevier
REO.L,REAL ESTATE OPPORT LTD 1P
RES.L,Rugby Estates plc
REX.L,REXAM plc
RGD.L,Real Good Food Company
RGI.L,R.G.I. International (WI)
RGO.L,2 Ergo Group
RGP.L,Ross Group
RGS.L,Regenersis
RGT.L,REGEN THERAPEUT
RGU.L,REGUS PLC ORD 5P
RGY.L,REENERGY GROUP
RHEP.L,Rheochem
RHL.L,Redhall Group
RIIG.L,Res In Insurance
RIO.L,Rio Tinto Plc
RLE.L,REAL ESTATE INV
RLH.L,Red Leopard Holdings
RM.L,RM plc
RMLA.L,RUSINA MINING
RMM.L,RAMBLER METALS
RMV.L,Rightmove
RNK.L,Rank Organisation plc
RNO.L,Renold plc
RNSM.L,Ransom (William)
RNVO.L,Renovo Group
RNWH.L,Renew Holdings
ROE.L,ROEFORD PROPRTS
ROK.L,ROK Property
ROL.L,Rotala
ROM.L,Romag Holdings
ROR.L,Rotork plc
RPC.L,RPC Group plc
RPL.L,Renewable Power & Light
RPS.L,RPS Group plc
RPT.L,REGAL PETROLEUM
RQIH.L,Randall & Quilter Invest. Hldgs
RR.L,Rolls-Royce plc
RRF.L,Rapid Realisations Fd
RRR.L,Red Rock Resources
RRS.L,RANDGOLD RESOURCES LD ORD
RSA.L,Royal & Sun Alliance Insurance Group
RSS.L,RAB Special
RSW.L,Renishaw plc
RTN.L,Restaurants Group plc
RTO.L,Rentokil Group plc
RTS.L,Robotic Technology Sys Plc 1p
RTT.L,RCM Technology
RUBI.L,Rubicon Software Group
RUG.L,Renaissance
RUR.L,RURELEC GB
RWA.L,ROBERT WALTERS PLC ORD 20P
RWD.L,Wiseman (Robert) Dairies plc
RYA.L,Ryanair Holdings plc ord
SAA.L,M&C Saatchi
SAB.L,SAB Miller
SAF.L,Safeland
SAFE.L,Safestore Holdings
SAL.L,SPACEANDPEOPLE GB
SAND.L,SANDVINE
SAPO.L,South African Property Opps
SAR.L,SAREUM HOLDINGS GB
SAVG.L,Savile Grp
SBRY.L,Sainsbury (J) plc
SBT.L,SPORTINGBET PLC ORD 0.1P
SC.L,Supercart
SCAM.L,Scotland American Invest
SCAP.L,Shariah Capital
SCE.L,SURFACE TRNFORM
SCF.L,Schroder Inc.
SCHE.L,Southern Cross Healthcare
SCIN.L,Scotland Invest Trust
SCO.L,SCOTTY GROUP
SCP.L,Schroder M&S Fd
SCPA.L,Scapa Group plc
SDIC.L,Speymill Deutsche Immobilien Co
SDL.L,Sdl Plc Ord 1p
SDM.L,Stadium Group
SDP.L,Schroder Asia
SDR.L,Schroders plc
SDRC.L,Schroders N/V
SDS.L,SUNRISE DIAM
SDU.L,Schroder UK
SDV.L,Small Co's Dividend Trust
SDY.L,Speedy Hire
SEC.L,STRATEGIC EQ CAP
SED.L,Saltus European Debt Strategies
SEE.L,SEEING MACHINES
SEO.L,Stanelco
SEP.L,Standard Life Euro Pri Eqty Tst
SEPU.L,Sepura
SER.L,SEFTON RESOURCES INC COM SHS N
SEV.L,SERVISION GB
SEY.L,STERLING ENERGY
SFR.L,SEVERFIELD-ROWEN PLC
SFT.L,Sinosoft Technology
SGC.L,Stagecoach Holdings plc
SGE.L,Sage Group plc
SGG.L,Sterling Green Group
SGH.L,SATCOM GRP
SGI.L,STANLEY GIBBONS GROUP LD ORD 1P
SGM.L,SIGMA TECH
SGRO.L,SEGRO
SHB.L,Shaftesbury plc
SHD.L,Shires Smlr. Co.
SHDP.L,Shed Productions
SHG.L,SHANTA GOLD
SHI.L,SIG plc
SHP.L,Shire Pharmaceutical
SHRS.L,Shires Income Plc
SIA.L,Soco Int'l
SID.L,Silverdell
SIG.L,SIGNET JEWELERS
SIM.L,Simigon
SIN.L,SPECTRUM INTER
SIV.L,St. Ives plc
SIXH.L,600 Group plc
SJG.L,Schroder Japan
SKC.L,STOCKCUBE
SKG.L,Smurfit Kappa(WI)
SKHG.L,Sky High
SKP.L,Skyepharma
SKS.L,Shanks Group PLC
SL.L,Standard Life
SLET.L,Stand Life Eq
SLI.L,Standard Life Inv
SLM.L,Slimma
SLN.L,Silent Therapy
SLNG.L,SLINGSBY
SLV.L,Sylvania Resources
SLXX.L,ISHARES IBOXX IE
SMDR.L,Salamander Energy
SMDS.L,Smith (David S) Holdings plc
SMIN.L,Smiths Industries plc
SMJ.L,Smart (J) & Co plc
SMP.L,St. Mowden Properties plc
SMT.L,Scotland Mtge Trust
SMWH.L,Smith (W.H.) Group plc
SN.L,Smith & Nephew Cos plc ord 10p
SNCL.L,Sinclair (Wm) Holdings plc
SND.L,SANDERSON HLDGS GB
SNG.L,Synairgen
SNR.L,Senior Engineering Group plc
SNS.L,Silanis International
SNT.L,Sabien Technology Group
SOG.L,STATPRO GRP PLC ORD 1P
SOI.L,Schroder Oriental Income Fund
SOLG.L,Solomon Gold
SOLO.L,SOLO OIL
SOM.L,Somero Enterprise
SOR.L,Supporta
SORB.L,SORBIC INTL
SOU.L,SOUND OIL
SPD.L,Sports Direct International
SPE.L,SOPHEON PLC
SPFL.L,SOFIA PROPERTY
SPI.L,SPICE
SPK.L,Spark Ventures
SPMG.L,Sports Media Grp
SPO.L,Sportech NP
SPPC.L,St Peter Port Capital
SPT.L,SPIRENT PLC ORD 3 1/3P
SPX.L,Spirax-Sarco Engineering plc
SQS.L,SQS SOFT QLTY
SQZ.L,SERICA ENERGY WI
SR.L,SR Europe Investment Trust
SRB.L,SERABI MINING
SRP.L,Serco Group plc
SRSP.L,SIRIUS PETROLEUM
SRT.L,Software Radio Technology
SSE.L,Scottish & Southern Energy plc ord 50p
SSL.L,SSL International plc ord 10p
SSP.L,SOLID STATE SUPL
SST.L,Scot. Orntl. Smll.
SSV.L,Siteserv
STA.L,STAGECOACH THRTR
STAF.L,STAFFLINE GRP
STAN.L,Standard Chartered plc
STBR.L,Southern Bear
STE.L,Stewart and Wight
STF.L,SMARTFOCUS GROUP GB
STHR.L,SThree
STI.L,STRATEX INTL
STJ.L,St James's Place
STL.L,Stilo International
STM.L,STM Group
STOB.L,Stobart Grp
STP.L,Spiritel Plc
STR.L,STRAT THOU GRP
STS.L,Secs Trust of Scotland
STT.L,STRAIGHT PLC
STTM.L,Strontium
STVG.L,STV Group
SUH.L,SUTTON HARBOUR
SUMM.L,Summit Corp
SUN.L,SURGICAL INNOV
SUS.L,S & U plc
SVC2.L,Quester VCT 4
SVCA.L,Servoca
SVCT.L,Quester Vct Plc
SVE.L,Starvest
SVG.L,SVM Global Fund PLC
SVI.L,Schroder Ven. I.T.
SVM.L,SVM OFEX FUND PLC
SVN.L,Sovereign Rev
SVO.L,Service Office Group
SVR.L,SERVICEPOWER TECH PLC ORD 10P
SVS.L,Savills plc
SVT.L,Severn Trent Water plc
SVU.L,SVM UK Active
SWB.L,SPORTSWINBET
SWG.L,Scott Wilson Group
SWJ.L,JOHN SWAN
SWL.L,Swallowfield plc
SWP.L,SWP Group
SXS.L,Spectris PLC
SXX.L,Sirius Exploration
SYG.L,Speymill
SYM.L,SYMPHONY PLASTIC
SYN.L,Syntopix Group
SYNC.L,Synchronica
SYR.L,SYNERGY HEALTHCARE PLC ORD
SYS.L,SYSTEM C HEALTH
TAL.L,TEN ALPS COMMS
TALV.L,Talvivaara Mining Company
TAST.L,Tasty
TATE.L,Tate & Lyle plc
TAU.L,Tau Capital
TBK.L,Ted Baker
TCG.L,Thomas Cook Group
TCM.L,TELIT COMMS
TCN.L,TRICORN GROUP
TCSC.L,TOWN CENTRE SECURITIES PLC
TCY.L,Telecity Group
TEF.L,TELFORD HOMES
TEG.L,Teg Environment
TEM.L,Templeton Emerging Market
TEP.L,TELECOM PLUS PLC ORD .05P
TET.L,Treatt plc
TFC.L,TrafficMaster plc
TFL.L,THEO FENNELL
TFW.L,Thorpe (FW) plc
THB.L,THB GROUP
THF.L,Thirdforce
THR.L,Thor Mining
THRG.L,Throgmorton Trust
THT.L,Thorntons plc
TIC.L,TAPESTRY INC CO PCC
TIDE.L,Crimson Tide
TIG.L,INNOVATION GRP PLC ORD 2P
TIGT.L,TROY INC & GRW
TIK.L,TIKIT GROUP
TIL.L,Tembusu Investments
TIME.L,Timestrip
TIR.L,TIGER RESOURCE
TLDH.L,TOP LEVEL DOMAIN
TLI.L,Alternative Asset Opps PCC
TLPR.L,Tullett Prebon
TLT.L,TOLENT
TLW.L,Tullow Oil
TLY.L,TOTALLY
TMC.L,TOLEDO MINING GB
TMMG.L,The Mission Marketing Group
TMP.L,Templar Minerals
TMPL.L,Temple Bar
TMZ.L,TOUMAZ HLD
TND.L,TANDEM GROUP
TNG.L,Tangent Comm
TNI.L,Trinity Int'l Holdings plc
TNO.L,RSM TENON GRP
TNW.L,Teleset Networks
TOL.L,TOLUNA
TOMK.L,Tomkins plc
TON.L,Titon Holdings plc
TOT.L,Total Produce
TOU.L,Touch Group
TOYE.L,TOYE
TPF.L,Taliesin Property Fund
TPH.L,Telephonetics
TPJ.L,Triple Plate
TPK.L,Travis Perkins plc
TPOU.L,THIRD POINT OFFSHORE INVESTORS
TPS.L,Turbo Power Systems
TPT.L,Topps Tiles
TRAK.L,TRAKm8 Holdings
TRB.L,TRIBAL GROUP PLC ORD 1P
TRBO.L,Turbotec Products
TRC.L,Trinity Capital
TRCS.L,Tracsis
TRD.L,Triad Group
TRE.L,TRADING EMMISION
TRG.L,Tr Eur. Growth
TRI.L,Trifast plc
TRP.L,Tower Resources
TRT.L,TRANSENSE TECHNOLOGIES PLC ORD
TRY.L,Tr. Prop. Inv. Trust
TSCO.L,Tesco plc
TSEG.L,TSE Group
TSG.L,TRANS-SIBER GOLD
TSTL.L,Tristel
TSW.L,TITAN EUROPE GB
TT.L,TUI TRAVEL
TTG.L,TT Group plc
TTNM.L,Tottenham Hotspur plc
TTR.L,32RED
TTS.L,Total Systems
TTV.L,TLN Group
TVZ.L,Travelzest
TW.L,Taylor Wimpey plc
TWE.L,Twenty
TWL.L,Weather Lottery (The
TXH.L,Tex Holdings
TXO.L,TX OIL & GAS
TXR.L,TITANIUM RES
TYR.L,Tyratech
UAV.L,UNICORN AIM VCT
UAVT.L,Unicorn AIM VCT II
UBC.L,UBC MEDIA GRP PLC ORD 1P
UBM.L,UNITED BUSINESS MEDIA PLC 25P
UCG.L,UTD CARPET GRP
UCP.L,Unitech Corporate Parks
UDG.L,United Drugs
UEM.L,UTILICO EM MKTS
UEN.L,URALS ENG PUB WI
UEP.L,UMC Energy
UFG.L,ULTIMATE FIN GRP
UKC.L,UK Coal Prices
UKCM.L,UK Commercial Property Plc
UKM.L,UK MAIL GRP
UKR.L,UKRPRODUCT GROUP
UKRO.L,Ukraine Opportunity Trust
UKT.L,UK SELECT TRUST
ULE.L,Ultra Elec.
ULT.L,Ultrasis Plc
ULVR.L,Unilever plc
UMC.L,UMECO plc
UNG.L,Universe Group
UNIQ.L,Uniq PLC
URA.L,URANIUM RES
URU.L,NIGER URANIUM
UTG.L,Unite Group Plc Ord 25p
UTL.L,Utilico
UTV.L,Ulster Television plc
UU.L,United Utilities plc
UVEL.L,UNIVISION ENG
VAL.L,Valirx
VCF.L,VALUE CATAL FD
VCP.L,Victoria Plc
VCT.L,Victrex
VDN.L,VINDON HEALTH
VEC.L,VECTURA GROUP GB
VED.L,VEDANTA RESOURCES GB
VEL.L,VELTI
VELO.L,Velosi
VER.L,VERNALIS
VERO.L,Vero Software
VGAS.L,Volga Gas
VICT.L,VICTORY VCT
VIN.L,Value & Income
VIR.L,Viridas
VIS.L,VITESSE MED PLC ORD 10P EX-ENT
VIY.L,Vialogy
VLE.L,Volvere PLC Ord 0.00001p
VLX.L,Volex Group plc
VML.L,Vane Minerals
VOD.L,Vodafone Group plc
VOF.L,VINACAP VIETNAM
VOG.L,VICTORIA OIL GB
VP.L,VP Plc
VRP.L,Verona Pharma
VSC.L,VISONIC LD IL
VTC.L,Vitec Group plc
VTG.L,VT GROUP
VTU.L,Vertu Motors
WBN.L,WOBURN ENERGY
WCC.L,West China Cement
WCW.L,Walker Crips Weddle
WEIR.L,Weir Group plc
WEST.L,Western & Oriental
WET.L,Watermark Global
WFC.L,Watford Leisure
WFCA.L,WFCA
WG.L,WOOD GRP (JOHN) ORD 3 1/3P
WGB.L,Walker Greenbank plc
WHI.L,W.H. IRELAND
WHL.L,WESTHOUSE HLDNGS
WICH.L,Wichford
WIL.L,WILMINGTON GROUP
WIN.L,Wincanton PLC
WIND.L,RENEWABLE EGY
WKP.L,Workspace Group
WKS.L,Works Media
WLF.L,Wolfson Microelectronics
WMH.L,WILLIAM HILL PLC
WNER.L,Warner Estate Holdings plc
WNN.L,WIN GB
WOR.L,WORLD CAREERS
WORK.L,Work Group
WOS.L,WOLSELEY
WPC.L,Witan Pac Inv
WPP.L,WPP Group plc
WREN.L,WREN EXTRA CARE
WRN.L,Worthington Group plc
WSG.L,Warburg SG Group
WSH.L,WSP Group plc
WSI.L,Workplace Systems
WSM.L,Wellstream Holdings
WSP.L,WYNNSTAY PROPS
WST.L,Westside Acquisitions
WTAN.L,Witan Invest Ord
WTB.L,Whitbread plc
WTE.L,WESTMOUNT ENERGY
WTH.L,Water Hall Group plc
WTI.L,WEATHERLY INTL
WTM.L,Waterman Group
WTR.L,World Trust Fd.
WYN.L,WYNNSTAY GROUP GB
XCH.L,Xchanging PLC
XCT.L,XCounter Ab
XPP.L,XP POWER
XPS.L,eXpansys
XPT.L,XPLOITE
XS7S.L,DJ Stoxx 600 Banks Short ETF
XS8S.L,DJ Stoxx 600 Technology Short ETF
XSDR.L,DJ Stoxx 600 Health Care
XSDX.L,DB X-trackers Shortdax ETF
XSES.L,DJ Stoxx 600 Oil & Gas Short ETF
XSPD.L,DB X-trackers S&P 500 Short ETF$
XSPS.L,DB X-trackers S&P 500 Short ETF
XSSX.L,DB X-trackers DJ Euro Stoxx 50 Short ETF
XTA.L,Xstrata Plc
XTR.L,Xtract Energy
XUKS.L,DB X-Trackers FTSE 100 Short
YCO.L,YCO GROUP
YELL.L,YELL GROUP
YGH.L,YINGGAO HLDGS
YNGA.L,Young & Co's Brewery plc
YSP.L,YOUR SPACE PLC ORD 1P
YULC.L,Yule Catto & Co plc
ZEST.L,Zest Group
ZMNO.L,Zamano
ZOO.L,ZOO DIGITAL GRP
ZOX.L,ZINCOX RESOURCES
ZRX.L,Zirax
ZTF.L,Zotefoams plc
ZTR.L,ZETAR GB
ZYT.L,ZYTRONIC PLC ORD 1P
